hour_bucket,predicted_hourly_m3,lower,upper
2026-04-24 11:00:00,19.513036066054283,15.874298572565168,22.563576067743238
2026-04-24 12:00:00,18.723000214930007,15.084262721440892,21.77354021661896
2026-04-24 13:00:00,16.523840686032703,12.885103192543587,19.574380687721657
2026-04-24 14:00:00,16.467848397199475,12.82911090371036,19.51838839888843
2026-04-24 15:00:00,15.723043722157026,12.084306228667911,18.77358372384598
2026-04-24 16:00:00,13.68067518529283,10.041937691803716,16.731215186981785
2026-04-24 17:00:00,0.0,0.0,3.0505400016889537
2026-04-24 18:00:00,0.0,0.0,3.0505400016889537
2026-04-24 19:00:00,0.0,0.0,3.0505400016889537
2026-04-24 20:00:00,0.0,0.0,3.0505400016889537
2026-04-24 21:00:00,0.0,0.0,3.0505400016889537
2026-04-24 22:00:00,0.0,0.0,3.0505400016889537
2026-04-24 23:00:00,0.0,0.0,3.0505400016889537
2026-04-25 00:00:00,0.0,0.0,3.0505400016889537
2026-04-25 01:00:00,0.0,0.0,3.0505400016889537
2026-04-25 02:00:00,0.0,0.0,3.0505400016889537
2026-04-25 03:00:00,0.0,0.0,3.0505400016889537
2026-04-25 04:00:00,0.0,0.0,3.0505400016889537
2026-04-25 05:00:00,0.0,0.0,3.0505400016889537
2026-04-25 06:00:00,9.515190511786288,5.876453018297173,12.565730513475241
2026-04-25 07:00:00,14.264401452381978,10.625663958892863,17.314941454070933
2026-04-25 08:00:00,15.256178108857872,11.617440615368757,18.306718110546825
2026-04-25 09:00:00,16.554480880548127,12.915743387059011,19.60502088223708
2026-04-25 10:00:00,16.395128294149355,12.75639080066024,19.44566829583831
2026-04-25 11:00:00,15.191254629831061,11.552517136341946,18.241794631520015
2026-04-25 12:00:00,13.565968823167458,9.927231329678342,16.61650882485641
2026-04-25 13:00:00,6.339359679245789,2.700622185756674,9.389899680934743
2026-04-25 14:00:00,7.151550888442155,3.5128133949530396,10.202090890131108
2026-04-25 15:00:00,6.520915323346823,2.8821778298577074,9.571455325035776
2026-04-25 16:00:00,6.374759901728656,2.736022408239541,9.42529990341761
2026-04-25 17:00:00,0.0,0.0,3.0505400016889537
2026-04-25 18:00:00,0.0,0.0,3.0505400016889537
2026-04-25 19:00:00,0.0,0.0,3.0505400016889537
2026-04-25 20:00:00,0.0,0.0,3.0505400016889537
2026-04-25 21:00:00,0.0,0.0,3.0505400016889537
2026-04-25 22:00:00,0.0,0.0,3.0505400016889537
2026-04-25 23:00:00,0.0,0.0,3.0505400016889537
2026-04-26 00:00:00,0.0,0.0,3.0505400016889537
2026-04-26 01:00:00,0.0,0.0,3.0505400016889537
2026-04-26 02:00:00,0.0,0.0,3.0505400016889537
2026-04-26 03:00:00,0.0,0.0,3.0505400016889537
2026-04-26 04:00:00,0.0,0.0,3.0505400016889537
2026-04-26 05:00:00,0.0,0.0,3.0505400016889537
2026-04-26 06:00:00,0.0,0.0,3.0505400016889537
2026-04-26 07:00:00,0.0,0.0,3.0505400016889537
2026-04-26 08:00:00,0.0,0.0,3.0505400016889537
2026-04-26 09:00:00,0.0,0.0,3.0505400016889537
2026-04-26 10:00:00,0.0,0.0,3.0505400016889537
2026-04-26 11:00:00,0.0,0.0,3.0505400016889537
2026-04-26 12:00:00,0.0,0.0,3.0505400016889537
2026-04-26 13:00:00,0.0,0.0,3.0505400016889537
2026-04-26 14:00:00,0.0,0.0,3.0505400016889537
2026-04-26 15:00:00,0.0,0.0,3.0505400016889537
2026-04-26 16:00:00,0.0,0.0,3.0505400016889537
2026-04-26 17:00:00,0.0,0.0,3.0505400016889537
2026-04-26 18:00:00,0.0,0.0,3.0505400016889537
2026-04-26 19:00:00,0.0,0.0,3.0505400016889537
2026-04-26 20:00:00,0.0,0.0,3.0505400016889537
2026-04-26 21:00:00,0.0,0.0,3.0505400016889537
2026-04-26 22:00:00,0.0,0.0,3.0505400016889537
2026-04-26 23:00:00,0.0,0.0,3.0505400016889537
2026-04-27 00:00:00,0.0,0.0,3.0505400016889537
2026-04-27 01:00:00,0.0,0.0,3.0505400016889537
2026-04-27 02:00:00,0.0,0.0,3.0505400016889537
2026-04-27 03:00:00,0.0,0.0,3.0505400016889537
2026-04-27 04:00:00,0.0,0.0,3.0505400016889537
2026-04-27 05:00:00,0.0,0.0,3.0505400016889537
2026-04-27 06:00:00,9.304365412290894,5.665627918801778,12.354905413979846
2026-04-27 07:00:00,10.188096801579443,6.549359308090327,13.238636803268395
2026-04-27 08:00:00,13.843175524327094,10.204438030837979,16.89371552601605
2026-04-27 09:00:00,13.667290009656673,10.028552516167558,16.717830011345626
2026-04-27 10:00:00,14.00979393842651,10.371056444937395,17.060333940115463
2026-04-27 11:00:00,14.019941229450378,10.381203735961263,17.070481231139333
2026-04-27 12:00:00,12.84455976576229,9.205822272273174,15.895099767451242
2026-04-27 13:00:00,11.993038558608824,8.354301065119708,15.043578560297778
2026-04-27 14:00:00,11.408266353113676,7.769528859624561,14.458806354802629
2026-04-27 15:00:00,9.30789762754144,5.6691601340523246,12.358437629230394
2026-04-27 16:00:00,8.240977027845895,4.60223953435678,11.291517029534848
2026-04-27 17:00:00,0.0,0.0,3.0505400016889537
2026-04-27 18:00:00,0.0,0.0,3.0505400016889537
2026-04-27 19:00:00,0.0,0.0,3.0505400016889537
2026-04-27 20:00:00,0.0,0.0,3.0505400016889537
2026-04-27 21:00:00,0.0,0.0,3.0505400016889537
2026-04-27 22:00:00,0.0,0.0,3.0505400016889537
2026-04-27 23:00:00,0.0,0.0,3.0505400016889537
2026-04-28 00:00:00,0.0,0.0,3.0505400016889537
2026-04-28 01:00:00,0.0,0.0,3.0505400016889537
2026-04-28 02:00:00,0.0,0.0,3.0505400016889537
2026-04-28 03:00:00,0.0,0.0,3.0505400016889537
2026-04-28 04:00:00,0.0,0.0,3.0505400016889537
2026-04-28 05:00:00,0.0,0.0,3.0505400016889537
2026-04-28 06:00:00,9.619536344600327,5.980798851111212,12.670076346289282
2026-04-28 07:00:00,11.420604933598689,7.781867440109574,14.471144935287644
2026-04-28 08:00:00,14.785373040425874,11.146635546936759,17.83591304211483
2026-04-28 09:00:00,15.860190519806293,12.221453026317178,18.910730521495246
2026-04-28 10:00:00,15.763866462566819,12.125128969077704,18.81440646425577
2026-04-28 11:00:00,16.045028460651707,12.406290967162592,19.095568462340662
2026-04-28 12:00:00,15.618218104219325,11.97948061073021,18.668758105908278
2026-04-28 13:00:00,14.544087086093468,10.905349592604352,17.59462708778242
2026-04-28 14:00:00,14.066919799070101,10.428182305580986,17.117459800759054
2026-04-28 15:00:00,10.749837940486312,7.111100446997197,13.800377942175267
2026-04-28 16:00:00,8.198798451629903,4.560060958140788,11.249338453318856
2026-04-28 17:00:00,0.0,0.0,3.0505400016889537
2026-04-28 18:00:00,0.0,0.0,3.0505400016889537
2026-04-28 19:00:00,0.0,0.0,3.0505400016889537
2026-04-28 20:00:00,0.0,0.0,3.0505400016889537
2026-04-28 21:00:00,0.0,0.0,3.0505400016889537
2026-04-28 22:00:00,0.0,0.0,3.0505400016889537
2026-04-28 23:00:00,0.0,0.0,3.0505400016889537
2026-04-29 00:00:00,0.0,0.0,3.0505400016889537
2026-04-29 01:00:00,0.0,0.0,3.0505400016889537
2026-04-29 02:00:00,0.0,0.0,3.0505400016889537
2026-04-29 03:00:00,0.0,0.0,3.0505400016889537
2026-04-29 04:00:00,0.0,0.0,3.0505400016889537
2026-04-29 05:00:00,0.0,0.0,3.0505400016889537
2026-04-29 06:00:00,11.376822959674998,7.738085466185883,14.42736296136395
2026-04-29 07:00:00,12.70126642481696,9.062528931327845,15.751806426505915
2026-04-29 08:00:00,15.395144248176605,11.75640675468749,18.445684249865558
2026-04-29 09:00:00,16.728379619212152,13.089642125723037,19.778919620901107
2026-04-29 10:00:00,17.119505235944818,13.480767742455702,20.170045237633772
2026-04-29 11:00:00,16.882560971577334,13.243823478088219,19.93310097326629
2026-04-29 12:00:00,16.183059523196732,12.544322029707617,19.233599524885687
2026-04-29 13:00:00,15.319813480669842,11.681075987180726,18.370353482358794
2026-04-29 14:00:00,14.479814091020195,10.84107659753108,17.53035409270915
2026-04-29 15:00:00,13.88651524913596,10.247777755646844,16.937055250824912
2026-04-29 16:00:00,12.112932986863852,8.474195493374737,15.163472988552805
2026-04-29 17:00:00,0.0,0.0,3.0505400016889537
2026-04-29 18:00:00,0.0,0.0,3.0505400016889537
2026-04-29 19:00:00,0.0,0.0,3.0505400016889537
2026-04-29 20:00:00,0.0,0.0,3.0505400016889537
2026-04-29 21:00:00,0.0,0.0,3.0505400016889537
2026-04-29 22:00:00,0.0,0.0,3.0505400016889537
2026-04-29 23:00:00,0.0,0.0,3.0505400016889537
2026-04-30 00:00:00,0.0,0.0,3.0505400016889537
2026-04-30 01:00:00,0.0,0.0,3.0505400016889537
2026-04-30 02:00:00,0.0,0.0,3.0505400016889537
2026-04-30 03:00:00,0.0,0.0,3.0505400016889537
2026-04-30 04:00:00,0.0,0.0,3.0505400016889537
2026-04-30 05:00:00,0.0,0.0,3.0505400016889537
2026-04-30 06:00:00,10.495082599619154,6.856345106130039,13.545622601308107
2026-04-30 07:00:00,13.648676873185165,10.00993937969605,16.699216874874118
2026-04-30 08:00:00,15.825116694743091,12.186379201253976,18.875656696432046
2026-04-30 09:00:00,16.87970616076613,13.240968667277015,19.930246162455084
2026-04-30 10:00:00,17.928885338506337,14.290147845017222,20.97942534019529
2026-04-30 11:00:00,17.219853331066552,13.581115837577437,20.270393332755507
2026-04-30 12:00:00,17.441963664467693,13.803226170978578,20.492503666156647
2026-04-30 13:00:00,15.507690912240212,11.868953418751097,18.558230913929165
2026-04-30 14:00:00,15.184346875919081,11.545609382429966,18.234886877608034
2026-04-30 15:00:00,13.562441294422285,9.92370380093317,16.61298129611124
2026-04-30 16:00:00,10.239512422265365,6.60077492877625,13.290052423954318
2026-04-30 17:00:00,0.0,0.0,3.0505400016889537
2026-04-30 18:00:00,0.0,0.0,3.0505400016889537
2026-04-30 19:00:00,0.0,0.0,3.0505400016889537
2026-04-30 20:00:00,0.0,0.0,3.0505400016889537
2026-04-30 21:00:00,0.0,0.0,3.0505400016889537
2026-04-30 22:00:00,0.0,0.0,3.0505400016889537
2026-04-30 23:00:00,0.0,0.0,3.0505400016889537
2026-05-01 00:00:00,0.0,0.0,3.0505400016889537
2026-05-01 01:00:00,0.0,0.0,3.0505400016889537
2026-05-01 02:00:00,0.0,0.0,3.0505400016889537
2026-05-01 03:00:00,0.0,0.0,3.0505400016889537
2026-05-01 04:00:00,0.0,0.0,3.0505400016889537
2026-05-01 05:00:00,0.0,0.0,3.0505400016889537
2026-05-01 06:00:00,10.602576987384072,6.963839493894957,13.653116989073027
2026-05-01 07:00:00,13.55015399142388,9.911416497934765,16.600693993112834
2026-05-01 08:00:00,16.51257385721145,12.873836363722335,19.563113858900405
2026-05-01 09:00:00,15.92276273469601,12.284025241206894,18.973302736384962
2026-05-01 10:00:00,16.490488388922543,12.851750895433428,19.541028390611498
2026-05-01 11:00:00,18.15702162125031,14.518284127761193,21.207561622939263
2026-05-01 12:00:00,17.660456306799134,14.021718813310018,20.710996308488088
2026-05-01 13:00:00,17.146007082639205,13.50726958915009,20.19654708432816
2026-05-01 14:00:00,15.721560131564743,12.082822638075628,18.772100133253698
2026-05-01 15:00:00,14.69256343892216,11.053825945433045,17.743103440611115
2026-05-01 16:00:00,11.81064992243079,8.171912428941674,14.861189924119742
2026-05-01 17:00:00,0.0,0.0,3.0505400016889537
2026-05-01 18:00:00,0.0,0.0,3.0505400016889537
2026-05-01 19:00:00,0.0,0.0,3.0505400016889537
2026-05-01 20:00:00,0.0,0.0,3.0505400016889537
2026-05-01 21:00:00,0.0,0.0,3.0505400016889537
2026-05-01 22:00:00,0.0,0.0,3.0505400016889537
2026-05-01 23:00:00,0.0,0.0,3.0505400016889537
2026-05-02 00:00:00,0.0,0.0,3.0505400016889537
2026-05-02 01:00:00,0.0,0.0,3.0505400016889537
2026-05-02 02:00:00,0.0,0.0,3.0505400016889537
2026-05-02 03:00:00,0.0,0.0,3.0505400016889537
2026-05-02 04:00:00,0.0,0.0,3.0505400016889537
2026-05-02 05:00:00,0.0,0.0,3.0505400016889537
2026-05-02 06:00:00,10.50917885284144,6.870441359352325,13.559718854530395
2026-05-02 07:00:00,12.863268917018743,9.224531423529628,15.913808918707698
2026-05-02 08:00:00,15.411241648151027,11.772504154661911,18.46178164983998
2026-05-02 09:00:00,16.08215886558785,12.443421372098735,19.132698867276805
2026-05-02 10:00:00,16.028853527158354,12.390116033669239,19.07939352884731
2026-05-02 11:00:00,14.612764538183631,10.974027044694516,17.663304539872584
2026-05-02 12:00:00,11.445170920002814,7.806433426513699,14.495710921691767
2026-05-02 13:00:00,7.944138274633393,4.305400781144278,10.994678276322347
2026-05-02 14:00:00,9.670180513851149,6.031443020362033,12.720720515540101
2026-05-02 15:00:00,8.1755332563131,4.536795762823985,11.226073258002053
2026-05-02 16:00:00,7.662634179964506,4.023896686475391,10.71317418165346
2026-05-02 17:00:00,0.0,0.0,3.0505400016889537
2026-05-02 18:00:00,0.0,0.0,3.0505400016889537
2026-05-02 19:00:00,0.0,0.0,3.0505400016889537
2026-05-02 20:00:00,0.0,0.0,3.0505400016889537
2026-05-02 21:00:00,0.0,0.0,3.0505400016889537
2026-05-02 22:00:00,0.0,0.0,3.0505400016889537
2026-05-02 23:00:00,0.0,0.0,3.0505400016889537
2026-05-03 00:00:00,0.0,0.0,3.0505400016889537
2026-05-03 01:00:00,0.0,0.0,3.0505400016889537
2026-05-03 02:00:00,0.0,0.0,3.0505400016889537
2026-05-03 03:00:00,0.0,0.0,3.0505400016889537
2026-05-03 04:00:00,0.0,0.0,3.0505400016889537
2026-05-03 05:00:00,0.0,0.0,3.0505400016889537
2026-05-03 06:00:00,0.0,0.0,3.0505400016889537
2026-05-03 07:00:00,0.0,0.0,3.0505400016889537
2026-05-03 08:00:00,0.0,0.0,3.0505400016889537
2026-05-03 09:00:00,0.0,0.0,3.0505400016889537
2026-05-03 10:00:00,0.0,0.0,3.0505400016889537
2026-05-03 11:00:00,0.0,0.0,3.0505400016889537
2026-05-03 12:00:00,0.0,0.0,3.0505400016889537
2026-05-03 13:00:00,0.0,0.0,3.0505400016889537
2026-05-03 14:00:00,0.0,0.0,3.0505400016889537
2026-05-03 15:00:00,0.0,0.0,3.0505400016889537
2026-05-03 16:00:00,0.0,0.0,3.0505400016889537
2026-05-03 17:00:00,0.0,0.0,3.0505400016889537
2026-05-03 18:00:00,0.0,0.0,3.0505400016889537
2026-05-03 19:00:00,0.0,0.0,3.0505400016889537
2026-05-03 20:00:00,0.0,0.0,3.0505400016889537
2026-05-03 21:00:00,0.0,0.0,3.0505400016889537
2026-05-03 22:00:00,0.0,0.0,3.0505400016889537
2026-05-03 23:00:00,0.0,0.0,3.0505400016889537
2026-05-04 00:00:00,0.0,0.0,3.0505400016889537
2026-05-04 01:00:00,0.0,0.0,3.0505400016889537
2026-05-04 02:00:00,0.0,0.0,3.0505400016889537
2026-05-04 03:00:00,0.0,0.0,3.0505400016889537
2026-05-04 04:00:00,0.0,0.0,3.0505400016889537
2026-05-04 05:00:00,0.0,0.0,3.0505400016889537
2026-05-04 06:00:00,8.652979811639192,5.014242318150076,11.703519813328146
2026-05-04 07:00:00,10.288928000643887,6.650190507154772,13.33946800233284
2026-05-04 08:00:00,14.054664916180688,10.415927422691572,17.105204917869642
2026-05-04 09:00:00,14.602740217476061,10.964002723986946,17.653280219165016
2026-05-04 10:00:00,14.944025572919873,11.305288079430758,17.994565574608828
2026-05-04 11:00:00,15.109880917278316,11.4711434237892,18.16042091896727
2026-05-04 12:00:00,13.738327943792346,10.09959045030323,16.7888679454813
2026-05-04 13:00:00,13.006178881313762,9.367441387824647,16.056718883002716
2026-05-04 14:00:00,12.335618951512929,8.696881458023814,15.386158953201882
2026-05-04 15:00:00,11.154999125145874,7.516261631656759,14.205539126834829
2026-05-04 16:00:00,8.614024398035287,4.975286904546172,11.664564399724242
2026-05-04 17:00:00,0.0,0.0,3.0505400016889537
2026-05-04 18:00:00,0.0,0.0,3.0505400016889537
2026-05-04 19:00:00,0.0,0.0,3.0505400016889537
2026-05-04 20:00:00,0.0,0.0,3.0505400016889537
2026-05-04 21:00:00,0.0,0.0,3.0505400016889537
2026-05-04 22:00:00,0.0,0.0,3.0505400016889537
2026-05-04 23:00:00,0.0,0.0,3.0505400016889537
2026-05-05 00:00:00,0.0,0.0,3.0505400016889537
2026-05-05 01:00:00,0.0,0.0,3.0505400016889537
2026-05-05 02:00:00,0.0,0.0,3.0505400016889537
2026-05-05 03:00:00,0.0,0.0,3.0505400016889537
2026-05-05 04:00:00,0.0,0.0,3.0505400016889537
2026-05-05 05:00:00,0.0,0.0,3.0505400016889537
2026-05-05 06:00:00,9.8285174627786,6.189779969289484,12.879057464467554
2026-05-05 07:00:00,11.557373066731865,7.918635573242749,14.607913068420817
2026-05-05 08:00:00,14.936106171697748,11.297368678208633,17.986646173386703
2026-05-05 09:00:00,15.84645241750842,12.207714924019305,18.896992419197375
2026-05-05 10:00:00,16.267989974785085,12.62925248129597,19.31852997647404
2026-05-05 11:00:00,16.229759419245003,12.591021925755888,19.280299420933957
2026-05-05 12:00:00,15.671446360675077,12.032708867185962,18.72198636236403
2026-05-05 13:00:00,14.862448680893921,11.223711187404806,17.912988682582874
2026-05-05 14:00:00,13.783344633348548,10.144607139859433,16.833884635037503
2026-05-05 15:00:00,12.337597579939409,8.698860086450294,15.388137581628364
2026-05-05 16:00:00,8.611890444536286,4.973152951047171,11.66243044622524
2026-05-05 17:00:00,0.0,0.0,3.0505400016889537
2026-05-05 18:00:00,0.0,0.0,3.0505400016889537
2026-05-05 19:00:00,0.0,0.0,3.0505400016889537
2026-05-05 20:00:00,0.0,0.0,3.0505400016889537
2026-05-05 21:00:00,0.0,0.0,3.0505400016889537
2026-05-05 22:00:00,0.0,0.0,3.0505400016889537
2026-05-05 23:00:00,0.0,0.0,3.0505400016889537
2026-05-06 00:00:00,0.0,0.0,3.0505400016889537
2026-05-06 01:00:00,0.0,0.0,3.0505400016889537
2026-05-06 02:00:00,0.0,0.0,3.0505400016889537
2026-05-06 03:00:00,0.0,0.0,3.0505400016889537
2026-05-06 04:00:00,0.0,0.0,3.0505400016889537
2026-05-06 05:00:00,0.0,0.0,3.0505400016889537
2026-05-06 06:00:00,10.833470241659509,7.194732748170393,13.884010243348463
2026-05-06 07:00:00,12.618332684791524,8.979595191302408,15.668872686480476
2026-05-06 08:00:00,15.387398396077566,11.748660902588451,18.43793839776652
2026-05-06 09:00:00,16.37586909907775,12.737131605588635,19.426409100766705
2026-05-06 10:00:00,16.621266210421197,12.982528716932082,19.671806212110152
2026-05-06 11:00:00,16.529228870968456,12.890491377479341,19.57976887265741
2026-05-06 12:00:00,15.800584956738707,12.161847463249591,18.85112495842766
2026-05-06 13:00:00,15.240481844498428,11.601744351009312,18.29102184618738
2026-05-06 14:00:00,14.536502663843834,10.897765170354718,17.58704266553279
2026-05-06 15:00:00,13.968636266895412,10.329898773406297,17.019176268584367
2026-05-06 16:00:00,10.505402454472613,6.866664960983497,13.555942456161567
2026-05-06 17:00:00,0.0,0.0,3.0505400016889537
2026-05-06 18:00:00,0.0,0.0,3.0505400016889537
2026-05-06 19:00:00,0.0,0.0,3.0505400016889537
2026-05-06 20:00:00,0.0,0.0,3.0505400016889537
2026-05-06 21:00:00,0.0,0.0,3.0505400016889537
2026-05-06 22:00:00,0.0,0.0,3.0505400016889537
2026-05-06 23:00:00,0.0,0.0,3.0505400016889537
2026-05-07 00:00:00,0.0,0.0,3.0505400016889537
2026-05-07 01:00:00,0.0,0.0,3.0505400016889537
2026-05-07 02:00:00,0.0,0.0,3.0505400016889537
2026-05-07 03:00:00,0.0,0.0,3.0505400016889537
2026-05-07 04:00:00,0.0,0.0,3.0505400016889537
2026-05-07 05:00:00,0.0,0.0,3.0505400016889537
2026-05-07 06:00:00,10.9069767321054,7.268239238616285,13.957516733794353
2026-05-07 07:00:00,12.876626973487827,9.237889479998712,15.927166975176782
2026-05-07 08:00:00,16.013770189857418,12.375032696368303,19.064310191546372
2026-05-07 09:00:00,17.031467677136433,13.392730183647318,20.082007678825388
2026-05-07 10:00:00,17.292801359613044,13.654063866123929,20.343341361302
2026-05-07 11:00:00,17.2539662717782,13.615228778289085,20.304506273467155
2026-05-07 12:00:00,17.046878397231023,13.408140903741907,20.097418398919977
2026-05-07 13:00:00,16.069097746447525,12.43036025295841,19.11963774813648
2026-05-07 14:00:00,15.316808124244343,11.678070630755228,18.367348125933297
2026-05-07 15:00:00,13.851276291062272,10.212538797573156,16.901816292751224
2026-05-07 16:00:00,10.270729755106526,6.631992261617411,13.32126975679548
2026-05-07 17:00:00,0.0,0.0,3.0505400016889537
2026-05-07 18:00:00,0.0,0.0,3.0505400016889537
2026-05-07 19:00:00,0.0,0.0,3.0505400016889537
2026-05-07 20:00:00,0.0,0.0,3.0505400016889537
2026-05-07 21:00:00,0.0,0.0,3.0505400016889537
2026-05-07 22:00:00,0.0,0.0,3.0505400016889537
2026-05-07 23:00:00,0.0,0.0,3.0505400016889537
2026-05-08 00:00:00,0.0,0.0,3.0505400016889537
2026-05-08 01:00:00,0.0,0.0,3.0505400016889537
2026-05-08 02:00:00,0.0,0.0,3.0505400016889537
2026-05-08 03:00:00,0.0,0.0,3.0505400016889537
2026-05-08 04:00:00,0.0,0.0,3.0505400016889537
2026-05-08 05:00:00,0.0,0.0,3.0505400016889537
2026-05-08 06:00:00,11.14530911289049,7.506571619401376,14.195849114579445
2026-05-08 07:00:00,12.817185718066392,9.178448224577277,15.867725719755345
2026-05-08 08:00:00,16.386607378758374,12.747869885269258,19.43714738044733
2026-05-08 09:00:00,17.040342825956778,13.401605332467662,20.090882827645732
2026-05-08 10:00:00,17.410553472492506,13.77181597900339,20.46109347418146
